-- phpMyAdmin SQL Dump
-- version 3.5.2.2
-- http://www.phpmyadmin.net
--
-- Host: 127.0.0.1
-- Generation Time: Aug 27, 2014 at 03:44 PM
-- Server version: 5.5.27
-- PHP Version: 5.4.7

SET SQL_MODE="NO_AUTO_VALUE_ON_ZERO";
SET time_zone = "+00:00";


/*!40101 SET @OLD_CHARACTER_SET_CLIENT=@@CHARACTER_SET_CLIENT */;
/*!40101 SET @OLD_CHARACTER_SET_RESULTS=@@CHARACTER_SET_RESULTS */;
/*!40101 SET @OLD_COLLATION_CONNECTION=@@COLLATION_CONNECTION */;
/*!40101 SET NAMES utf8 */;

--
-- Database: `gpsdata`
--

-- --------------------------------------------------------

--
-- Table structure for table `location`
--

CREATE TABLE IF NOT EXISTS `location` (
  `imei` bigint(15) NOT NULL,
  `time_sent` timestamp NOT NULL DEFAULT '0000-00-00 00:00:00',
  `time_received` timestamp NOT NULL DEFAULT CURRENT_TIMESTAMP,
  `latitude` decimal(8,6) NOT NULL,
  `longitude` decimal(8,6) NOT NULL,
  `speed` decimal(5,2) NOT NULL,
  `direction` decimal(5,2) NOT NULL,
  `delay` mediumint(9) NOT NULL,
  PRIMARY KEY (`imei`,`time_sent`)
) ENGINE=InnoDB DEFAULT CHARSET=latin1;

-- --------------------------------------------------------

--
-- Table structure for table `log`
--

CREATE TABLE IF NOT EXISTS `log` (
  `time` timestamp NOT NULL DEFAULT CURRENT_TIMESTAMP,
  `message` varchar(150) NOT NULL,
  `type` char(1) NOT NULL,
  PRIMARY KEY (`time`,`type`)
) ENGINE=InnoDB DEFAULT CHARSET=latin1;

-- --------------------------------------------------------

--
-- Table structure for table `route`
--

CREATE TABLE IF NOT EXISTS `route` (
  `routeID` tinyint(4) unsigned NOT NULL,
  `engineID` varchar(5) NOT NULL,
  `imei` bigint(15) NOT NULL,
  PRIMARY KEY (`routeID`),
  KEY `imei` (`imei`)
) ENGINE=InnoDB DEFAULT CHARSET=latin1;

--
-- Dumping data for table `route`
--

INSERT INTO `route` (`routeID`, `engineID`, `imei`) VALUES
(1, '97', 23451),
(2, '34', 12345),
(3, '17', 54321);

-- --------------------------------------------------------

--
-- Table structure for table `route_stations`
--

CREATE TABLE IF NOT EXISTS `route_stations` (
  `routeID` tinyint(4) unsigned NOT NULL,
  `stationID` tinyint(4) unsigned NOT NULL,
  `Stationorder` tinyint(3) unsigned NOT NULL,
  KEY `routeID` (`routeID`),
  KEY `stationID` (`stationID`)
) ENGINE=InnoDB DEFAULT CHARSET=latin1;

--
-- Dumping data for table `route_stations`
--

INSERT INTO `route_stations` (`routeID`, `stationID`, `Stationorder`) VALUES
(1, 2, 1),
(1, 4, 2),
(2, 2, 1),
(2, 3, 2),
(2, 4, 3),
(2, 5, 4),
(2, 6, 5),
(3, 5, 1),
(3, 4, 2),
(3, 3, 3),
(3, 2, 4),
(3, 1, 5);

-- --------------------------------------------------------

--
-- Table structure for table `station`
--

CREATE TABLE IF NOT EXISTS `station` (
  `stationID` tinyint(4) unsigned NOT NULL,
  `up_latitude` decimal(8,6) NOT NULL,
  `up_longitude` decimal(8,6) NOT NULL,
  `down_latitude` decimal(8,6) NOT NULL,
  `down_longitude` decimal(8,6) NOT NULL,
  PRIMARY KEY (`stationID`)
) ENGINE=InnoDB DEFAULT CHARSET=latin1;

--
-- Dumping data for table `station`
--

INSERT INTO `station` (`stationID`, `up_latitude`, `up_longitude`, `down_latitude`, `down_longitude`) VALUES
(1, 6.030000, 79.098000, 6.033000, 79.098000),
(2, 6.213000, 79.222000, 6.214000, 79.226000),
(3, 6.382000, 79.332000, 6.396000, 79.340000),
(4, 6.534000, 79.384000, 6.541000, 79.386000),
(5, 6.747000, 79.502000, 6.751000, 79.508000),
(6, 6.996000, 79.828000, 7.000000, 79.834000);

-- --------------------------------------------------------

--
-- Table structure for table `station_rp`
--

CREATE TABLE IF NOT EXISTS `station_rp` (
  `stationID` tinyint(4) unsigned NOT NULL,
  `rpID` tinyint(4) NOT NULL,
  `stationName` varchar(50) NOT NULL,
  PRIMARY KEY (`stationID`,`rpID`),
  UNIQUE KEY `rpID` (`rpID`),
  KEY `stationID` (`stationID`)
) ENGINE=InnoDB DEFAULT CHARSET=latin1;

--
-- Dumping data for table `station_rp`
--

INSERT INTO `station_rp` (`stationID`, `rpID`, `stationName`) VALUES
(1, 1, 'Fort'),
(2, 2, 'Ragama'),
(3, 3, 'Ganemulla'),
(4, 4, 'Gampaha'),
(5, 5, 'Veyangoda'),
(6, 6, 'Meerigama');

-- --------------------------------------------------------

--
-- Table structure for table `waypoint`
--

CREATE TABLE IF NOT EXISTS `waypoint` (
  `waypointindex` tinyint(4) NOT NULL,
  `routeID` tinyint(4) unsigned NOT NULL,
  `latitude` decimal(8,6) NOT NULL,
  `longitude` decimal(8,6) NOT NULL,
  `time_reach` time NOT NULL,
  `previous_station` tinyint(5) unsigned NOT NULL,
  `next_station` tinyint(5) unsigned NOT NULL,
  KEY `routeID` (`routeID`),
  KEY `previous_station` (`previous_station`),
  KEY `next_station` (`next_station`)
) ENGINE=InnoDB DEFAULT CHARSET=latin1;

--
-- Dumping data for table `waypoint`
--

INSERT INTO `waypoint` (`waypointindex`, `routeID`, `latitude`, `longitude`, `time_reach`, `previous_station`, `next_station`) VALUES
(1, 1, 6.030000, 79.098000, '11:00:00', 1, 2),
(2, 1, 6.031000, 79.098000, '11:00:01', 1, 2),
(3, 1, 6.033000, 79.098000, '11:00:02', 1, 2),
(4, 1, 6.034000, 79.098000, '11:00:03', 1, 2),
(5, 1, 6.036000, 79.098000, '11:00:04', 1, 2),
(6, 1, 6.037000, 79.098000, '11:00:05', 1, 2),
(7, 1, 6.039000, 79.098000, '11:00:06', 1, 2),
(8, 1, 6.040000, 79.098000, '11:00:07', 1, 2),
(9, 1, 6.042000, 79.098000, '11:00:08', 1, 2),
(10, 1, 6.045000, 79.098000, '11:00:09', 1, 2),
(11, 1, 6.046000, 79.098000, '11:00:10', 1, 2),
(12, 1, 6.046000, 79.102000, '11:00:11', 1, 2),
(13, 1, 6.048000, 79.102000, '11:00:12', 1, 2),
(14, 1, 6.049000, 79.102000, '11:00:13', 1, 2),
(15, 1, 6.051000, 79.102000, '11:00:14', 1, 2),
(16, 1, 6.052000, 79.102000, '11:00:15', 1, 2),
(17, 1, 6.052000, 79.104000, '11:00:16', 1, 2),
(18, 1, 6.055000, 79.104000, '11:00:17', 1, 2),
(19, 1, 6.057000, 79.104000, '11:00:18', 1, 2),
(20, 1, 6.057000, 79.108000, '11:00:19', 1, 2),
(21, 1, 6.059000, 79.108000, '11:00:20', 1, 2),
(22, 1, 6.060000, 79.110000, '11:00:21', 1, 2),
(23, 1, 6.062000, 79.110000, '11:00:22', 1, 2),
(24, 1, 6.063000, 79.110000, '11:00:23', 1, 2),
(25, 1, 6.066000, 79.114000, '11:00:24', 1, 2),
(26, 1, 6.066000, 79.118000, '11:00:25', 1, 2),
(27, 1, 6.068000, 79.118000, '11:00:26', 1, 2),
(28, 1, 6.069000, 79.118000, '11:00:27', 1, 2),
(29, 1, 6.071000, 79.120000, '11:00:28', 1, 2),
(30, 1, 6.072000, 79.120000, '11:00:29', 1, 2),
(31, 1, 6.074000, 79.124000, '11:00:30', 1, 2),
(32, 1, 6.075000, 79.124000, '11:00:31', 1, 2),
(33, 1, 6.077000, 79.126000, '11:00:32', 1, 2),
(34, 1, 6.077000, 79.130000, '11:00:33', 1, 2),
(35, 1, 6.078000, 79.130000, '11:00:34', 1, 2),
(36, 1, 6.078000, 79.132000, '11:00:35', 1, 2),
(37, 1, 6.080000, 79.132000, '11:00:36', 1, 2),
(38, 1, 6.081000, 79.132000, '11:00:37', 1, 2),
(39, 1, 6.083000, 79.132000, '11:00:38', 1, 2),
(40, 1, 6.083000, 79.136000, '11:00:39', 1, 2),
(41, 1, 6.084000, 79.136000, '11:00:40', 1, 2),
(42, 1, 6.084000, 79.138000, '11:00:41', 1, 2),
(43, 1, 6.087000, 79.138000, '11:00:42', 1, 2),
(44, 1, 6.089000, 79.138000, '11:00:43', 1, 2),
(45, 1, 6.090000, 79.138000, '11:00:44', 1, 2),
(46, 1, 6.092000, 79.138000, '11:00:45', 1, 2),
(47, 1, 6.093000, 79.142000, '11:00:46', 1, 2),
(48, 1, 6.095000, 79.142000, '11:00:47', 1, 2),
(49, 1, 6.096000, 79.142000, '11:00:48', 1, 2),
(50, 1, 6.099000, 79.142000, '11:00:49', 1, 2),
(51, 1, 6.101000, 79.142000, '11:00:50', 1, 2),
(52, 1, 6.102000, 79.142000, '11:00:51', 1, 2),
(53, 1, 6.107000, 79.144000, '11:00:52', 1, 2),
(54, 1, 6.108000, 79.144000, '11:00:53', 1, 2),
(55, 1, 6.110000, 79.148000, '11:00:54', 1, 2),
(56, 1, 6.113000, 79.148000, '11:00:55', 1, 2),
(57, 1, 6.114000, 79.150000, '11:00:56', 1, 2),
(58, 1, 6.116000, 79.156000, '11:00:57', 1, 2),
(59, 1, 6.118000, 79.156000, '11:00:58', 1, 2),
(60, 1, 6.119000, 79.160000, '11:00:59', 1, 2),
(61, 1, 6.121000, 79.162000, '11:01:00', 1, 2),
(62, 1, 6.122000, 79.166000, '11:01:01', 1, 2),
(63, 1, 6.124000, 79.166000, '11:01:02', 1, 2),
(64, 1, 6.127000, 79.172000, '11:01:03', 1, 2),
(65, 1, 6.128000, 79.172000, '11:01:04', 1, 2),
(66, 1, 6.134000, 79.174000, '11:01:05', 1, 2),
(67, 1, 6.136000, 79.178000, '11:01:06', 1, 2),
(68, 1, 6.139000, 79.180000, '11:01:07', 1, 2),
(69, 1, 6.142000, 79.184000, '11:01:08', 1, 2),
(70, 1, 6.145000, 79.184000, '11:01:09', 1, 2),
(71, 1, 6.146000, 79.186000, '11:01:10', 1, 2),
(72, 1, 6.149000, 79.190000, '11:01:11', 1, 2),
(73, 1, 6.152000, 79.190000, '11:01:12', 1, 2),
(74, 1, 6.154000, 79.190000, '11:01:13', 1, 2),
(75, 1, 6.155000, 79.192000, '11:01:14', 1, 2),
(76, 1, 6.157000, 79.192000, '11:01:15', 1, 2),
(77, 1, 6.161000, 79.196000, '11:01:16', 1, 2),
(78, 1, 6.164000, 79.196000, '11:01:17', 1, 2),
(79, 1, 6.169000, 79.198000, '11:01:18', 1, 2),
(80, 1, 6.173000, 79.198000, '11:01:19', 1, 2),
(81, 1, 6.175000, 79.198000, '11:01:20', 1, 2),
(82, 1, 6.178000, 79.198000, '11:01:21', 1, 2),
(83, 1, 6.181000, 79.202000, '11:01:22', 1, 2),
(84, 1, 6.183000, 79.202000, '11:01:23', 1, 2),
(85, 1, 6.184000, 79.204000, '11:01:24', 1, 2),
(86, 1, 6.186000, 79.204000, '11:01:25', 1, 2),
(87, 1, 6.187000, 79.204000, '11:01:26', 1, 2),
(88, 1, 6.189000, 79.204000, '11:01:27', 1, 2),
(89, 1, 6.192000, 79.208000, '11:01:28', 1, 2),
(90, 1, 6.193000, 79.208000, '11:01:29', 1, 2),
(91, 1, 6.195000, 79.210000, '11:01:30', 1, 2),
(92, 1, 6.196000, 79.210000, '11:01:31', 1, 2),
(93, 1, 6.198000, 79.210000, '11:01:32', 1, 2),
(94, 1, 6.201000, 79.214000, '11:01:33', 1, 2),
(95, 1, 6.205000, 79.214000, '11:01:34', 1, 2),
(96, 1, 6.207000, 79.216000, '11:01:35', 1, 2),
(97, 1, 6.210000, 79.216000, '11:01:36', 1, 2),
(98, 1, 6.211000, 79.220000, '11:01:37', 1, 2),
(99, 1, 6.213000, 79.222000, '11:01:38', 1, 2),
(100, 1, 6.214000, 79.222000, '11:01:39', 1, 2),
(101, 1, 6.214000, 79.226000, '11:01:40', 2, 4),
(102, 1, 6.217000, 79.228000, '11:01:41', 2, 4),
(103, 1, 6.219000, 79.232000, '11:01:42', 2, 4),
(104, 1, 6.220000, 79.236000, '11:01:43', 2, 4),
(105, 1, 6.222000, 79.236000, '11:01:44', 2, 4),
(106, 1, 6.225000, 79.242000, '11:01:45', 2, 4),
(107, 1, 6.226000, 79.242000, '11:01:46', 2, 4),
(108, 1, 6.229000, 79.242000, '11:01:47', 2, 4),
(109, 1, 6.231000, 79.244000, '11:01:48', 2, 4),
(110, 1, 6.236000, 79.248000, '11:01:49', 2, 4),
(111, 1, 6.240000, 79.250000, '11:01:50', 2, 4),
(112, 1, 6.245000, 79.250000, '11:01:51', 2, 4),
(113, 1, 6.246000, 79.254000, '11:01:52', 2, 4),
(114, 1, 6.248000, 79.256000, '11:01:53', 2, 4),
(115, 1, 6.251000, 79.256000, '11:01:54', 2, 4),
(116, 1, 6.254000, 79.260000, '11:01:55', 2, 4),
(117, 1, 6.255000, 79.260000, '11:01:56', 2, 4),
(118, 1, 6.257000, 79.262000, '11:01:57', 2, 4),
(119, 1, 6.258000, 79.262000, '11:01:58', 2, 4),
(120, 1, 6.260000, 79.262000, '11:01:59', 2, 4),
(121, 1, 6.264000, 79.266000, '11:02:00', 2, 4),
(122, 1, 6.269000, 79.266000, '11:02:01', 2, 4),
(123, 1, 6.273000, 79.268000, '11:02:02', 2, 4),
(124, 1, 6.276000, 79.268000, '11:02:03', 2, 4),
(125, 1, 6.281000, 79.272000, '11:02:04', 2, 4),
(126, 1, 6.282000, 79.272000, '11:02:05', 2, 4),
(127, 1, 6.284000, 79.272000, '11:02:06', 2, 4),
(127, 1, 6.285000, 79.272000, '11:02:07', 2, 4),
(127, 1, 6.287000, 79.272000, '11:02:08', 2, 4),
(127, 1, 6.288000, 79.272000, '11:02:09', 2, 4),
(127, 1, 6.291000, 79.272000, '11:02:10', 2, 4),
(127, 1, 6.293000, 79.272000, '11:02:11', 2, 4),
(127, 1, 6.301000, 79.274000, '11:02:12', 2, 4),
(127, 1, 6.305000, 79.278000, '11:02:13', 2, 4),
(127, 1, 6.310000, 79.280000, '11:02:14', 2, 4),
(127, 1, 6.314000, 79.280000, '11:02:15', 2, 4),
(127, 1, 6.319000, 79.284000, '11:02:16', 2, 4),
(127, 1, 6.328000, 79.286000, '11:02:17', 2, 4),
(127, 1, 6.334000, 79.286000, '11:02:18', 2, 4),
(127, 1, 6.338000, 79.290000, '11:02:19', 2, 4),
(127, 1, 6.343000, 79.292000, '11:02:20', 2, 4),
(127, 1, 6.349000, 79.298000, '11:02:21', 2, 4),
(127, 1, 6.354000, 79.304000, '11:02:22', 2, 4),
(127, 1, 6.358000, 79.308000, '11:02:23', 2, 4),
(127, 1, 6.360000, 79.314000, '11:02:24', 2, 4),
(127, 1, 6.364000, 79.320000, '11:02:25', 2, 4),
(127, 1, 6.370000, 79.320000, '11:02:26', 2, 4),
(127, 1, 6.376000, 79.326000, '11:02:27', 2, 4),
(127, 1, 6.382000, 79.332000, '11:02:28', 2, 4),
(127, 1, 6.391000, 79.338000, '11:02:29', 2, 4),
(127, 1, 6.396000, 79.340000, '11:02:30', 3, 4),
(127, 1, 6.400000, 79.344000, '11:02:31', 3, 4),
(127, 1, 6.402000, 79.346000, '11:02:32', 3, 4),
(127, 1, 6.406000, 79.350000, '11:02:33', 3, 4),
(127, 1, 6.409000, 79.354000, '11:02:34', 3, 4),
(127, 1, 6.413000, 79.354000, '11:02:35', 3, 4),
(127, 1, 6.416000, 79.354000, '11:02:36', 3, 4),
(127, 1, 6.420000, 79.354000, '11:02:37', 3, 4),
(127, 1, 6.426000, 79.354000, '11:02:38', 3, 4),
(127, 1, 6.432000, 79.354000, '11:02:39', 3, 4),
(127, 1, 6.437000, 79.354000, '11:02:40', 3, 4),
(127, 1, 6.440000, 79.354000, '11:02:41', 3, 4),
(127, 1, 6.443000, 79.356000, '11:02:42', 3, 4),
(127, 1, 6.447000, 79.356000, '11:02:43', 3, 4),
(127, 1, 6.449000, 79.356000, '11:02:44', 3, 4),
(127, 1, 6.452000, 79.356000, '11:02:45', 3, 4),
(127, 1, 6.453000, 79.360000, '11:02:46', 3, 4),
(127, 1, 6.455000, 79.360000, '11:02:47', 3, 4),
(127, 1, 6.456000, 79.360000, '11:02:48', 3, 4),
(127, 1, 6.458000, 79.360000, '11:02:49', 3, 4),
(127, 1, 6.459000, 79.360000, '11:02:50', 3, 4),
(127, 1, 6.462000, 79.360000, '11:02:51', 3, 4),
(127, 1, 6.465000, 79.360000, '11:02:52', 3, 4),
(127, 1, 6.468000, 79.362000, '11:02:53', 3, 4),
(127, 1, 6.470000, 79.362000, '11:02:54', 3, 4),
(127, 1, 6.473000, 79.362000, '11:02:55', 3, 4),
(127, 1, 6.476000, 79.362000, '11:02:56', 3, 4),
(127, 1, 6.479000, 79.362000, '11:02:57', 3, 4),
(127, 1, 6.481000, 79.366000, '11:02:58', 3, 4),
(127, 1, 6.482000, 79.366000, '11:02:59', 3, 4),
(127, 1, 6.484000, 79.366000, '11:03:00', 3, 4),
(127, 1, 6.487000, 79.366000, '11:03:01', 3, 4),
(127, 1, 6.487000, 79.368000, '11:03:02', 3, 4),
(127, 1, 6.488000, 79.368000, '11:03:03', 3, 4),
(127, 1, 6.493000, 79.368000, '11:03:04', 3, 4),
(127, 1, 6.494000, 79.368000, '11:03:05', 3, 4),
(127, 1, 6.497000, 79.368000, '11:03:06', 3, 4),
(127, 1, 6.500000, 79.372000, '11:03:07', 3, 4),
(127, 1, 6.506000, 79.372000, '11:03:08', 3, 4),
(127, 1, 6.509000, 79.374000, '11:03:09', 3, 4),
(127, 1, 6.512000, 79.374000, '11:03:10', 3, 4),
(127, 1, 6.515000, 79.374000, '11:03:11', 3, 4),
(127, 1, 6.518000, 79.374000, '11:03:12', 3, 4),
(127, 1, 6.520000, 79.378000, '11:03:13', 3, 4),
(127, 1, 6.523000, 79.380000, '11:03:14', 3, 4),
(127, 1, 6.524000, 79.380000, '11:03:15', 3, 4),
(127, 1, 6.526000, 79.384000, '11:03:16', 3, 4),
(127, 1, 6.529000, 79.384000, '11:03:17', 3, 4),
(127, 1, 6.534000, 79.384000, '11:03:18', 3, 4),
(127, 1, 6.538000, 79.384000, '11:03:19', 3, 4),
(1, 2, 6.030000, 79.098000, '11:01:00', 1, 2),
(2, 2, 6.031000, 79.098000, '11:01:01', 1, 2),
(3, 2, 6.033000, 79.098000, '11:01:02', 1, 2),
(4, 2, 6.034000, 79.098000, '11:01:03', 1, 2),
(5, 2, 6.036000, 79.098000, '11:01:04', 1, 2),
(6, 2, 6.037000, 79.098000, '11:01:05', 1, 2),
(7, 2, 6.039000, 79.098000, '11:01:06', 1, 2),
(8, 2, 6.040000, 79.098000, '11:01:07', 1, 2),
(9, 2, 6.042000, 79.098000, '11:01:08', 1, 2),
(10, 2, 6.045000, 79.098000, '11:01:09', 1, 2),
(11, 2, 6.046000, 79.098000, '11:01:10', 1, 2),
(12, 2, 6.046000, 79.102000, '11:01:11', 1, 2),
(13, 2, 6.048000, 79.102000, '11:01:12', 1, 2),
(14, 2, 6.049000, 79.102000, '11:01:13', 1, 2),
(15, 2, 6.051000, 79.102000, '11:01:14', 1, 2),
(16, 2, 6.052000, 79.102000, '11:01:15', 1, 2),
(17, 2, 6.052000, 79.104000, '11:01:16', 1, 2),
(18, 2, 6.055000, 79.104000, '11:01:17', 1, 2),
(19, 2, 6.057000, 79.104000, '11:01:18', 1, 2),
(20, 2, 6.057000, 79.108000, '11:01:19', 1, 2),
(21, 2, 6.059000, 79.108000, '11:01:20', 1, 2),
(22, 2, 6.060000, 79.110000, '11:01:21', 1, 2),
(23, 2, 6.062000, 79.110000, '11:01:22', 1, 2),
(24, 2, 6.063000, 79.110000, '11:01:23', 1, 2),
(25, 2, 6.066000, 79.114000, '11:01:24', 1, 2),
(26, 2, 6.066000, 79.118000, '11:01:25', 1, 2),
(27, 2, 6.068000, 79.118000, '11:01:26', 1, 2),
(28, 2, 6.069000, 79.118000, '11:01:27', 1, 2),
(29, 2, 6.071000, 79.120000, '11:01:28', 1, 2),
(30, 2, 6.072000, 79.120000, '11:01:29', 1, 2),
(31, 2, 6.074000, 79.124000, '11:01:30', 1, 2),
(32, 2, 6.075000, 79.124000, '11:01:31', 1, 2),
(33, 2, 6.077000, 79.126000, '11:01:32', 1, 2),
(34, 2, 6.077000, 79.130000, '11:01:33', 1, 2),
(35, 2, 6.078000, 79.130000, '11:01:34', 1, 2),
(36, 2, 6.078000, 79.132000, '11:01:35', 1, 2),
(37, 2, 6.080000, 79.132000, '11:01:36', 1, 2),
(38, 2, 6.081000, 79.132000, '11:01:37', 1, 2),
(39, 2, 6.083000, 79.132000, '11:01:38', 1, 2),
(40, 2, 6.083000, 79.136000, '11:01:39', 1, 2),
(41, 2, 6.084000, 79.136000, '11:01:40', 1, 2),
(42, 2, 6.084000, 79.138000, '11:01:41', 1, 2),
(43, 2, 6.087000, 79.138000, '11:01:42', 1, 2),
(44, 2, 6.089000, 79.138000, '11:01:43', 1, 2),
(45, 2, 6.090000, 79.138000, '11:01:44', 1, 2),
(46, 2, 6.092000, 79.138000, '11:01:45', 1, 2),
(47, 2, 6.093000, 79.142000, '11:01:46', 1, 2),
(48, 2, 6.095000, 79.142000, '11:01:47', 1, 2),
(49, 2, 6.096000, 79.142000, '11:01:48', 1, 2),
(50, 2, 6.099000, 79.142000, '11:01:49', 1, 2),
(51, 2, 6.101000, 79.142000, '11:01:50', 1, 2),
(52, 2, 6.102000, 79.142000, '11:01:51', 1, 2),
(53, 2, 6.107000, 79.144000, '11:01:52', 1, 2),
(54, 2, 6.108000, 79.144000, '11:01:53', 1, 2),
(55, 2, 6.110000, 79.148000, '11:01:54', 1, 2),
(56, 2, 6.113000, 79.148000, '11:01:55', 1, 2),
(57, 2, 6.114000, 79.150000, '11:01:56', 1, 2),
(58, 2, 6.116000, 79.156000, '11:01:57', 1, 2),
(59, 2, 6.118000, 79.156000, '11:01:58', 1, 2),
(60, 2, 6.119000, 79.160000, '11:01:59', 1, 2),
(61, 2, 6.121000, 79.162000, '11:02:00', 1, 2),
(62, 2, 6.122000, 79.166000, '11:02:01', 1, 2),
(63, 2, 6.124000, 79.166000, '11:02:02', 1, 2),
(64, 2, 6.127000, 79.172000, '11:02:03', 1, 2),
(65, 2, 6.128000, 79.172000, '11:02:04', 1, 2),
(66, 2, 6.134000, 79.174000, '11:02:05', 1, 2),
(67, 2, 6.136000, 79.178000, '11:02:06', 1, 2),
(68, 2, 6.139000, 79.180000, '11:02:07', 1, 2),
(69, 2, 6.142000, 79.184000, '11:02:08', 1, 2),
(70, 2, 6.145000, 79.184000, '11:02:09', 1, 2),
(71, 2, 6.146000, 79.186000, '11:02:10', 1, 2),
(72, 2, 6.149000, 79.190000, '11:02:11', 1, 2),
(73, 2, 6.152000, 79.190000, '11:02:12', 1, 2),
(74, 2, 6.154000, 79.190000, '11:02:13', 1, 2),
(75, 2, 6.155000, 79.192000, '11:02:14', 1, 2),
(76, 2, 6.157000, 79.192000, '11:02:15', 1, 2),
(77, 2, 6.161000, 79.196000, '11:02:16', 1, 2),
(78, 2, 6.164000, 79.196000, '11:02:17', 1, 2),
(79, 2, 6.169000, 79.198000, '11:02:18', 1, 2),
(80, 2, 6.173000, 79.198000, '11:02:19', 1, 2),
(81, 2, 6.175000, 79.198000, '11:02:20', 1, 2),
(82, 2, 6.178000, 79.198000, '11:02:21', 1, 2),
(83, 2, 6.181000, 79.202000, '11:02:22', 1, 2),
(84, 2, 6.183000, 79.202000, '11:02:23', 1, 2),
(85, 2, 6.184000, 79.204000, '11:02:24', 1, 2),
(86, 2, 6.186000, 79.204000, '11:02:25', 1, 2),
(87, 2, 6.187000, 79.204000, '11:02:26', 1, 2),
(88, 2, 6.189000, 79.204000, '11:02:27', 1, 2),
(89, 2, 6.192000, 79.208000, '11:02:28', 1, 2),
(90, 2, 6.193000, 79.208000, '11:02:29', 1, 2),
(91, 2, 6.195000, 79.210000, '11:02:30', 1, 2),
(92, 2, 6.196000, 79.210000, '11:02:31', 1, 2),
(93, 2, 6.198000, 79.210000, '11:02:32', 1, 2),
(94, 2, 6.201000, 79.214000, '11:02:33', 1, 2),
(95, 2, 6.205000, 79.214000, '11:02:34', 1, 2),
(96, 2, 6.207000, 79.216000, '11:02:35', 1, 2),
(97, 2, 6.210000, 79.216000, '11:02:36', 1, 2),
(98, 2, 6.211000, 79.220000, '11:02:37', 1, 2),
(99, 2, 6.213000, 79.222000, '11:02:38', 1, 2),
(100, 2, 6.214000, 79.222000, '11:02:39', 1, 2),
(101, 2, 6.214000, 79.226000, '11:02:40', 2, 3),
(102, 2, 6.217000, 79.228000, '11:02:41', 2, 3),
(103, 2, 6.219000, 79.232000, '11:02:42', 2, 3),
(104, 2, 6.220000, 79.236000, '11:02:43', 2, 3),
(105, 2, 6.222000, 79.236000, '11:02:44', 2, 3),
(106, 2, 6.225000, 79.242000, '11:02:45', 2, 3),
(107, 2, 6.226000, 79.242000, '11:02:46', 2, 3),
(108, 2, 6.229000, 79.242000, '11:02:47', 2, 3),
(109, 2, 6.231000, 79.244000, '11:02:48', 2, 3),
(110, 2, 6.236000, 79.248000, '11:02:49', 2, 3),
(111, 2, 6.240000, 79.250000, '11:02:50', 2, 3),
(112, 2, 6.245000, 79.250000, '11:02:51', 2, 3),
(113, 2, 6.246000, 79.254000, '11:02:52', 2, 3),
(114, 2, 6.248000, 79.256000, '11:02:53', 2, 3),
(115, 2, 6.251000, 79.256000, '11:02:54', 2, 3),
(116, 2, 6.254000, 79.260000, '11:02:55', 2, 3),
(117, 2, 6.255000, 79.260000, '11:02:56', 2, 3),
(118, 2, 6.257000, 79.262000, '11:02:57', 2, 3),
(119, 2, 6.258000, 79.262000, '11:02:58', 2, 3),
(120, 2, 6.260000, 79.262000, '11:02:59', 2, 3),
(121, 2, 6.264000, 79.266000, '11:03:00', 2, 3),
(122, 2, 6.269000, 79.266000, '11:03:01', 2, 3),
(123, 2, 6.273000, 79.268000, '11:03:02', 2, 3),
(124, 2, 6.276000, 79.268000, '11:03:03', 2, 3),
(125, 2, 6.281000, 79.272000, '11:03:04', 2, 3),
(126, 2, 6.282000, 79.272000, '11:03:05', 2, 3),
(127, 2, 6.284000, 79.272000, '11:03:06', 2, 3),
(127, 2, 6.285000, 79.272000, '11:03:07', 2, 3),
(127, 2, 6.287000, 79.272000, '11:03:08', 2, 3),
(127, 2, 6.288000, 79.272000, '11:03:09', 2, 3),
(127, 2, 6.291000, 79.272000, '11:03:10', 2, 3),
(127, 2, 6.293000, 79.272000, '11:03:11', 2, 3),
(127, 2, 6.301000, 79.274000, '11:03:12', 2, 3),
(127, 2, 6.305000, 79.278000, '11:03:13', 2, 3),
(127, 2, 6.310000, 79.280000, '11:03:14', 2, 3),
(127, 2, 6.314000, 79.280000, '11:03:15', 2, 3),
(127, 2, 6.319000, 79.284000, '11:03:16', 2, 3),
(127, 2, 6.328000, 79.286000, '11:03:17', 2, 3),
(127, 2, 6.334000, 79.286000, '11:03:18', 2, 3),
(127, 2, 6.338000, 79.290000, '11:03:19', 2, 3),
(127, 2, 6.343000, 79.292000, '11:03:20', 2, 3),
(127, 2, 6.349000, 79.298000, '11:03:21', 2, 3),
(127, 2, 6.354000, 79.304000, '11:03:22', 2, 3),
(127, 2, 6.358000, 79.308000, '11:03:23', 2, 3),
(127, 2, 6.360000, 79.314000, '11:03:24', 2, 3),
(127, 2, 6.364000, 79.320000, '11:03:25', 2, 3),
(127, 2, 6.370000, 79.320000, '11:03:26', 2, 3),
(127, 2, 6.376000, 79.326000, '11:03:27', 2, 3),
(127, 2, 6.382000, 79.332000, '11:03:28', 2, 3),
(127, 2, 6.391000, 79.338000, '11:03:29', 2, 3),
(127, 2, 6.396000, 79.340000, '11:03:30', 3, 4),
(127, 2, 6.400000, 79.344000, '11:03:31', 3, 4),
(127, 2, 6.402000, 79.346000, '11:03:32', 3, 4),
(127, 2, 6.406000, 79.350000, '11:03:33', 3, 4),
(127, 2, 6.409000, 79.354000, '11:03:34', 3, 4),
(127, 2, 6.413000, 79.354000, '11:03:35', 3, 4),
(127, 2, 6.416000, 79.354000, '11:03:36', 3, 4),
(127, 2, 6.420000, 79.354000, '11:03:37', 3, 4),
(127, 2, 6.426000, 79.354000, '11:03:38', 3, 4),
(127, 2, 6.432000, 79.354000, '11:03:39', 3, 4),
(127, 2, 6.437000, 79.354000, '11:03:40', 3, 4),
(127, 2, 6.440000, 79.354000, '11:03:41', 3, 4),
(127, 2, 6.443000, 79.356000, '11:03:42', 3, 4),
(127, 2, 6.447000, 79.356000, '11:03:43', 3, 4),
(127, 2, 6.449000, 79.356000, '11:03:44', 3, 4),
(127, 2, 6.452000, 79.356000, '11:03:45', 3, 4),
(127, 2, 6.453000, 79.360000, '11:03:46', 3, 4),
(127, 2, 6.455000, 79.360000, '11:03:47', 3, 4),
(127, 2, 6.456000, 79.360000, '11:03:48', 3, 4),
(127, 2, 6.458000, 79.360000, '11:03:49', 3, 4),
(127, 2, 6.459000, 79.360000, '11:03:50', 3, 4),
(127, 2, 6.462000, 79.360000, '11:03:51', 3, 4),
(127, 2, 6.465000, 79.360000, '11:03:52', 3, 4),
(127, 2, 6.468000, 79.362000, '11:03:53', 3, 4),
(127, 2, 6.470000, 79.362000, '11:03:54', 3, 4),
(127, 2, 6.473000, 79.362000, '11:03:55', 3, 4),
(127, 2, 6.476000, 79.362000, '11:03:56', 3, 4),
(127, 2, 6.479000, 79.362000, '11:03:57', 3, 4),
(127, 2, 6.481000, 79.366000, '11:03:58', 3, 4),
(127, 2, 6.482000, 79.366000, '11:03:59', 3, 4),
(127, 2, 6.484000, 79.366000, '11:04:00', 3, 4),
(127, 2, 6.487000, 79.366000, '11:04:01', 3, 4),
(127, 2, 6.487000, 79.368000, '11:04:02', 3, 4),
(127, 2, 6.488000, 79.368000, '11:04:03', 3, 4),
(127, 2, 6.493000, 79.368000, '11:04:04', 3, 4),
(127, 2, 6.494000, 79.368000, '11:04:05', 3, 4),
(127, 2, 6.497000, 79.368000, '11:04:06', 3, 4),
(127, 2, 6.500000, 79.372000, '11:04:07', 3, 4),
(127, 2, 6.506000, 79.372000, '11:04:08', 3, 4),
(127, 2, 6.509000, 79.374000, '11:04:09', 3, 4),
(127, 2, 6.512000, 79.374000, '11:04:10', 3, 4),
(127, 2, 6.515000, 79.374000, '11:04:11', 3, 4),
(127, 2, 6.518000, 79.374000, '11:04:12', 3, 4),
(127, 2, 6.520000, 79.378000, '11:04:13', 3, 4),
(127, 2, 6.523000, 79.380000, '11:04:14', 3, 4),
(127, 2, 6.524000, 79.380000, '11:04:15', 3, 4),
(127, 2, 6.526000, 79.384000, '11:04:16', 3, 4),
(127, 2, 6.529000, 79.384000, '11:04:17', 3, 4),
(127, 2, 6.534000, 79.384000, '11:04:18', 3, 4),
(127, 2, 6.538000, 79.384000, '11:04:19', 3, 4),
(127, 2, 6.541000, 79.386000, '11:04:20', 4, 5),
(127, 2, 6.544000, 79.386000, '11:04:21', 4, 5),
(127, 2, 6.547000, 79.390000, '11:04:22', 4, 5),
(127, 2, 6.549000, 79.390000, '11:04:23', 4, 5),
(127, 2, 6.550000, 79.390000, '11:04:24', 4, 5),
(127, 2, 6.550000, 79.392000, '11:04:25', 4, 5),
(127, 2, 6.552000, 79.392000, '11:04:26', 4, 5),
(127, 2, 6.553000, 79.392000, '11:04:27', 4, 5),
(127, 2, 6.555000, 79.392000, '11:04:28', 4, 5),
(127, 2, 6.556000, 79.392000, '11:04:29', 4, 5),
(127, 2, 6.561000, 79.392000, '11:04:30', 4, 5),
(127, 2, 6.565000, 79.392000, '11:04:31', 4, 5),
(127, 2, 6.571000, 79.392000, '11:04:32', 4, 5),
(127, 2, 6.582000, 79.398000, '11:04:33', 4, 5),
(127, 2, 6.591000, 79.404000, '11:04:34', 4, 5),
(127, 2, 6.597000, 79.410000, '11:04:35', 4, 5),
(127, 2, 6.602000, 79.414000, '11:04:36', 4, 5),
(127, 2, 6.611000, 79.416000, '11:04:37', 4, 5),
(127, 2, 6.615000, 79.416000, '11:04:38', 4, 5),
(127, 2, 6.626000, 79.420000, '11:04:39', 4, 5),
(127, 2, 6.630000, 79.420000, '11:04:40', 4, 5),
(127, 2, 6.635000, 79.426000, '11:04:41', 4, 5),
(127, 2, 6.638000, 79.428000, '11:04:42', 4, 5),
(127, 2, 6.642000, 79.428000, '11:04:43', 4, 5),
(127, 2, 6.647000, 79.432000, '11:04:44', 4, 5),
(127, 2, 6.650000, 79.434000, '11:04:45', 4, 5),
(127, 2, 6.655000, 79.434000, '11:04:46', 4, 5),
(127, 2, 6.659000, 79.438000, '11:04:47', 4, 5),
(127, 2, 6.664000, 79.440000, '11:04:48', 4, 5),
(127, 2, 6.671000, 79.440000, '11:04:49', 4, 5),
(127, 2, 6.680000, 79.444000, '11:04:50', 4, 5),
(127, 2, 6.686000, 79.446000, '11:04:51', 4, 5),
(127, 2, 6.689000, 79.450000, '11:04:52', 4, 5),
(127, 2, 6.694000, 79.452000, '11:04:53', 4, 5),
(127, 2, 6.698000, 79.456000, '11:04:54', 4, 5),
(127, 2, 6.700000, 79.456000, '11:04:55', 4, 5),
(127, 2, 6.701000, 79.456000, '11:04:56', 4, 5),
(127, 2, 6.706000, 79.458000, '11:04:57', 4, 5),
(127, 2, 6.711000, 79.462000, '11:04:58', 4, 5),
(127, 2, 6.715000, 79.464000, '11:04:59', 4, 5),
(127, 2, 6.721000, 79.468000, '11:05:00', 4, 5),
(127, 2, 6.726000, 79.472000, '11:05:01', 4, 5),
(127, 2, 6.730000, 79.478000, '11:05:02', 4, 5),
(127, 2, 6.732000, 79.478000, '11:05:03', 4, 5),
(127, 2, 6.738000, 79.484000, '11:05:04', 4, 5),
(127, 2, 6.741000, 79.486000, '11:05:05', 4, 5),
(127, 2, 6.742000, 79.492000, '11:05:06', 4, 5),
(127, 2, 6.747000, 79.498000, '11:05:07', 4, 5),
(127, 2, 6.747000, 79.502000, '11:05:08', 4, 5),
(127, 2, 6.750000, 79.504000, '11:05:09', 4, 5),
(127, 2, 6.751000, 79.508000, '11:05:10', 5, 6),
(127, 2, 6.754000, 79.510000, '11:05:11', 5, 6),
(127, 2, 6.756000, 79.514000, '11:05:12', 5, 6),
(127, 2, 6.759000, 79.514000, '11:05:13', 5, 6),
(127, 2, 6.762000, 79.516000, '11:05:14', 5, 6),
(127, 2, 6.768000, 79.520000, '11:05:15', 5, 6),
(127, 2, 6.771000, 79.522000, '11:05:16', 5, 6),
(127, 2, 6.777000, 79.526000, '11:05:17', 5, 6),
(127, 2, 6.780000, 79.526000, '11:05:18', 5, 6),
(127, 2, 6.783000, 79.528000, '11:05:19', 5, 6),
(127, 2, 6.786000, 79.532000, '11:05:20', 5, 6),
(127, 2, 6.788000, 79.532000, '11:05:21', 5, 6),
(127, 2, 6.789000, 79.532000, '11:05:22', 5, 6),
(127, 2, 6.791000, 79.534000, '11:05:23', 5, 6),
(127, 2, 6.794000, 79.538000, '11:05:24', 5, 6),
(127, 2, 6.797000, 79.540000, '11:05:25', 5, 6),
(127, 2, 6.800000, 79.544000, '11:05:26', 5, 6),
(127, 2, 6.801000, 79.544000, '11:05:27', 5, 6),
(127, 2, 6.803000, 79.546000, '11:05:28', 5, 6),
(127, 2, 6.809000, 79.552000, '11:05:29', 5, 6),
(127, 2, 6.813000, 79.556000, '11:05:30', 5, 6),
(127, 2, 6.816000, 79.562000, '11:05:31', 5, 6),
(127, 2, 6.821000, 79.568000, '11:05:32', 5, 6),
(127, 2, 6.822000, 79.568000, '11:05:33', 5, 6),
(127, 2, 6.824000, 79.574000, '11:05:34', 5, 6),
(127, 2, 6.827000, 79.576000, '11:05:35', 5, 6),
(127, 2, 6.829000, 79.582000, '11:05:36', 5, 6),
(127, 2, 6.830000, 79.582000, '11:05:37', 5, 6),
(127, 2, 6.832000, 79.590000, '11:05:38', 5, 6),
(127, 2, 6.835000, 79.590000, '11:05:39', 5, 6),
(127, 2, 6.841000, 79.590000, '11:05:40', 5, 6),
(127, 2, 6.850000, 79.598000, '11:05:41', 5, 6),
(127, 2, 6.856000, 79.608000, '11:05:42', 5, 6),
(127, 2, 6.866000, 79.628000, '11:05:43', 5, 6),
(127, 2, 6.871000, 79.638000, '11:05:44', 5, 6),
(127, 2, 6.875000, 79.646000, '11:05:45', 5, 6),
(127, 2, 6.877000, 79.646000, '11:05:46', 5, 6),
(127, 2, 6.881000, 79.652000, '11:05:47', 5, 6),
(127, 2, 6.885000, 79.656000, '11:05:48', 5, 6),
(127, 2, 6.888000, 79.658000, '11:05:49', 5, 6),
(127, 2, 6.891000, 79.662000, '11:05:50', 5, 6),
(127, 2, 6.898000, 79.668000, '11:05:51', 5, 6),
(127, 2, 6.904000, 79.668000, '11:05:52', 5, 6),
(127, 2, 6.912000, 79.670000, '11:05:53', 5, 6),
(127, 2, 6.918000, 79.676000, '11:05:54', 5, 6),
(127, 2, 6.924000, 79.682000, '11:05:55', 5, 6),
(127, 2, 6.925000, 79.686000, '11:05:56', 5, 6),
(127, 2, 6.928000, 79.688000, '11:05:57', 5, 6),
(127, 2, 6.933000, 79.694000, '11:05:58', 5, 6),
(127, 2, 6.936000, 79.698000, '11:05:59', 5, 6),
(127, 2, 6.937000, 79.708000, '11:06:00', 5, 6),
(127, 2, 6.942000, 79.714000, '11:06:01', 5, 6),
(127, 2, 6.944000, 79.720000, '11:06:02', 5, 6),
(127, 2, 6.948000, 79.722000, '11:06:03', 5, 6),
(127, 2, 6.950000, 79.726000, '11:06:04', 5, 6),
(127, 2, 6.953000, 79.734000, '11:06:05', 5, 6),
(127, 2, 6.957000, 79.740000, '11:06:06', 5, 6),
(127, 2, 6.960000, 79.746000, '11:06:07', 5, 6),
(127, 2, 6.963000, 79.752000, '11:06:08', 5, 6),
(127, 2, 6.968000, 79.758000, '11:06:09', 5, 6),
(127, 2, 6.969000, 79.758000, '11:06:10', 5, 6),
(127, 2, 6.972000, 79.764000, '11:06:11', 5, 6),
(127, 2, 6.974000, 79.770000, '11:06:12', 5, 6),
(127, 2, 6.975000, 79.770000, '11:06:13', 5, 6),
(127, 2, 6.977000, 79.774000, '11:06:14', 5, 6),
(127, 2, 6.978000, 79.776000, '11:06:15', 5, 6),
(127, 2, 6.978000, 79.780000, '11:06:16', 5, 6),
(127, 2, 6.980000, 79.780000, '11:06:17', 5, 6),
(127, 2, 6.980000, 79.782000, '11:06:18', 5, 6),
(127, 2, 6.981000, 79.782000, '11:06:19', 5, 6),
(127, 2, 6.981000, 79.786000, '11:06:20', 5, 6),
(127, 2, 6.983000, 79.788000, '11:06:21', 5, 6),
(127, 2, 6.983000, 79.792000, '11:06:22', 5, 6),
(127, 2, 6.983000, 79.798000, '11:06:23', 5, 6),
(127, 2, 6.984000, 79.798000, '11:06:24', 5, 6),
(127, 2, 6.984000, 79.800000, '11:06:25', 5, 6),
(127, 2, 6.986000, 79.800000, '11:06:26', 5, 6),
(127, 2, 6.986000, 79.804000, '11:06:27', 5, 6),
(127, 2, 6.986000, 79.806000, '11:06:28', 5, 6),
(127, 2, 6.986000, 79.810000, '11:06:29', 5, 6),
(127, 2, 6.987000, 79.812000, '11:06:30', 5, 6),
(127, 2, 6.989000, 79.816000, '11:06:31', 5, 6),
(127, 2, 6.990000, 79.818000, '11:06:32', 5, 6),
(127, 2, 6.992000, 79.822000, '11:06:33', 5, 6),
(127, 2, 6.993000, 79.822000, '11:06:34', 5, 6),
(127, 2, 6.993000, 79.826000, '11:06:35', 5, 6),
(127, 2, 6.995000, 79.826000, '11:06:36', 5, 6),
(127, 2, 6.996000, 79.828000, '11:06:37', 5, 6),
(127, 2, 7.000000, 79.832000, '11:06:38', 5, 6),
(127, 2, 7.000000, 79.834000, '11:06:39', 5, 6),
(1, 3, 7.000000, 79.834000, '11:00:00', 6, 5),
(2, 3, 7.000000, 79.832000, '11:00:01', 6, 5),
(3, 3, 6.996000, 79.828000, '11:00:02', 6, 5),
(4, 3, 6.995000, 79.826000, '11:00:03', 6, 5),
(5, 3, 6.993000, 79.826000, '11:00:04', 6, 5),
(6, 3, 6.993000, 79.822000, '11:00:05', 6, 5),
(7, 3, 6.992000, 79.822000, '11:00:06', 6, 5),
(8, 3, 6.990000, 79.818000, '11:00:07', 6, 5),
(9, 3, 6.989000, 79.816000, '11:00:08', 6, 5),
(10, 3, 6.987000, 79.812000, '11:00:09', 6, 5),
(11, 3, 6.986000, 79.810000, '11:00:10', 6, 5),
(12, 3, 6.986000, 79.806000, '11:00:11', 6, 5),
(13, 3, 6.986000, 79.804000, '11:00:12', 6, 5),
(14, 3, 6.986000, 79.800000, '11:00:13', 6, 5),
(15, 3, 6.984000, 79.800000, '11:00:14', 6, 5),
(16, 3, 6.984000, 79.798000, '11:00:15', 6, 5),
(17, 3, 6.983000, 79.798000, '11:00:16', 6, 5),
(18, 3, 6.983000, 79.792000, '11:00:17', 6, 5),
(19, 3, 6.983000, 79.788000, '11:00:18', 6, 5),
(20, 3, 6.981000, 79.786000, '11:00:19', 6, 5),
(21, 3, 6.981000, 79.782000, '11:00:20', 6, 5),
(22, 3, 6.980000, 79.782000, '11:00:21', 6, 5),
(23, 3, 6.980000, 79.780000, '11:00:22', 6, 5),
(24, 3, 6.978000, 79.780000, '11:00:23', 6, 5),
(25, 3, 6.978000, 79.776000, '11:00:24', 6, 5),
(26, 3, 6.977000, 79.774000, '11:00:25', 6, 5),
(27, 3, 6.975000, 79.770000, '11:00:26', 6, 5),
(28, 3, 6.974000, 79.770000, '11:00:27', 6, 5),
(29, 3, 6.972000, 79.764000, '11:00:28', 6, 5),
(30, 3, 6.969000, 79.758000, '11:00:29', 6, 5),
(31, 3, 6.968000, 79.758000, '11:00:30', 6, 5),
(32, 3, 6.963000, 79.752000, '11:00:31', 6, 5),
(33, 3, 6.960000, 79.746000, '11:00:32', 6, 5),
(34, 3, 6.957000, 79.740000, '11:00:33', 6, 5),
(35, 3, 6.953000, 79.734000, '11:00:34', 6, 5),
(36, 3, 6.950000, 79.726000, '11:00:35', 6, 5),
(37, 3, 6.948000, 79.722000, '11:00:36', 6, 5),
(38, 3, 6.944000, 79.720000, '11:00:37', 6, 5),
(39, 3, 6.942000, 79.714000, '11:00:38', 6, 5),
(40, 3, 6.937000, 79.708000, '11:00:39', 6, 5),
(41, 3, 6.936000, 79.698000, '11:00:40', 6, 5),
(42, 3, 6.933000, 79.694000, '11:00:41', 6, 5),
(43, 3, 6.928000, 79.688000, '11:00:42', 6, 5),
(44, 3, 6.925000, 79.686000, '11:00:43', 6, 5),
(45, 3, 6.924000, 79.682000, '11:00:44', 6, 5),
(46, 3, 6.918000, 79.676000, '11:00:45', 6, 5),
(47, 3, 6.912000, 79.670000, '11:00:46', 6, 5),
(48, 3, 6.904000, 79.668000, '11:00:47', 6, 5),
(49, 3, 6.898000, 79.668000, '11:00:48', 6, 5),
(50, 3, 6.891000, 79.662000, '11:00:49', 6, 5),
(51, 3, 6.888000, 79.658000, '11:00:50', 6, 5),
(52, 3, 6.885000, 79.656000, '11:00:51', 6, 5),
(53, 3, 6.881000, 79.652000, '11:00:52', 6, 5),
(54, 3, 6.877000, 79.646000, '11:00:53', 6, 5),
(55, 3, 6.875000, 79.646000, '11:00:54', 6, 5),
(56, 3, 6.871000, 79.638000, '11:00:55', 6, 5),
(57, 3, 6.866000, 79.628000, '11:00:56', 6, 5),
(58, 3, 6.856000, 79.608000, '11:00:57', 6, 5),
(59, 3, 6.850000, 79.598000, '11:00:58', 6, 5),
(60, 3, 6.841000, 79.590000, '11:00:59', 6, 5),
(61, 3, 6.835000, 79.590000, '11:01:00', 6, 5),
(62, 3, 6.832000, 79.590000, '11:01:01', 6, 5),
(63, 3, 6.830000, 79.582000, '11:01:02', 6, 5),
(64, 3, 6.829000, 79.582000, '11:01:03', 6, 5),
(65, 3, 6.827000, 79.576000, '11:01:04', 6, 5),
(66, 3, 6.824000, 79.574000, '11:01:05', 6, 5),
(67, 3, 6.822000, 79.568000, '11:01:06', 6, 5),
(68, 3, 6.821000, 79.568000, '11:01:07', 6, 5),
(69, 3, 6.816000, 79.562000, '11:01:08', 6, 5),
(70, 3, 6.813000, 79.556000, '11:01:09', 6, 5),
(71, 3, 6.809000, 79.552000, '11:01:10', 6, 5),
(72, 3, 6.803000, 79.546000, '11:01:11', 6, 5),
(73, 3, 6.801000, 79.544000, '11:01:12', 6, 5),
(74, 3, 6.800000, 79.544000, '11:01:13', 6, 5),
(75, 3, 6.797000, 79.540000, '11:01:14', 6, 5),
(76, 3, 6.794000, 79.538000, '11:01:15', 6, 5),
(77, 3, 6.791000, 79.534000, '11:01:16', 6, 5),
(78, 3, 6.789000, 79.532000, '11:01:17', 6, 5),
(79, 3, 6.788000, 79.532000, '11:01:18', 6, 5),
(80, 3, 6.786000, 79.532000, '11:01:19', 6, 5),
(81, 3, 6.783000, 79.528000, '11:01:20', 6, 5),
(82, 3, 6.780000, 79.526000, '11:01:21', 6, 5),
(83, 3, 6.777000, 79.526000, '11:01:22', 6, 5),
(84, 3, 6.771000, 79.522000, '11:01:23', 6, 5),
(85, 3, 6.768000, 79.520000, '11:01:24', 6, 5),
(86, 3, 6.762000, 79.516000, '11:01:25', 6, 5),
(87, 3, 6.759000, 79.514000, '11:01:26', 6, 5),
(88, 3, 6.756000, 79.514000, '11:01:27', 6, 5),
(89, 3, 6.754000, 79.510000, '11:01:28', 6, 5),
(90, 3, 6.751000, 79.508000, '11:01:29', 6, 5),
(91, 3, 6.750000, 79.504000, '11:01:30', 5, 4),
(92, 3, 6.747000, 79.502000, '11:01:31', 5, 4),
(93, 3, 6.747000, 79.498000, '11:01:32', 5, 4),
(94, 3, 6.742000, 79.492000, '11:01:33', 5, 4),
(95, 3, 6.741000, 79.486000, '11:01:34', 5, 4),
(96, 3, 6.738000, 79.484000, '11:01:35', 5, 4),
(97, 3, 6.732000, 79.478000, '11:01:36', 5, 4),
(98, 3, 6.730000, 79.478000, '11:01:37', 5, 4),
(99, 3, 6.726000, 79.472000, '11:01:38', 5, 4),
(100, 3, 6.721000, 79.468000, '11:01:39', 5, 4),
(101, 3, 6.715000, 79.464000, '11:01:40', 5, 4),
(102, 3, 6.711000, 79.462000, '11:01:41', 5, 4),
(103, 3, 6.706000, 79.458000, '11:01:42', 5, 4),
(104, 3, 6.701000, 79.456000, '11:01:43', 5, 4),
(105, 3, 6.700000, 79.456000, '11:01:44', 5, 4),
(106, 3, 6.698000, 79.456000, '11:01:45', 5, 4),
(107, 3, 6.694000, 79.452000, '11:01:46', 5, 4),
(108, 3, 6.689000, 79.450000, '11:01:47', 5, 4),
(109, 3, 6.686000, 79.446000, '11:01:48', 5, 4),
(110, 3, 6.680000, 79.444000, '11:01:49', 5, 4),
(111, 3, 6.671000, 79.440000, '11:01:50', 5, 4),
(112, 3, 6.664000, 79.440000, '11:01:51', 5, 4),
(113, 3, 6.659000, 79.438000, '11:01:52', 5, 4),
(114, 3, 6.655000, 79.434000, '11:01:53', 5, 4),
(115, 3, 6.650000, 79.434000, '11:01:54', 5, 4),
(116, 3, 6.647000, 79.432000, '11:01:55', 5, 4),
(117, 3, 6.642000, 79.428000, '11:01:56', 5, 4),
(118, 3, 6.638000, 79.428000, '11:01:57', 5, 4),
(119, 3, 6.635000, 79.426000, '11:01:58', 5, 4),
(120, 3, 6.630000, 79.420000, '11:01:59', 5, 4),
(121, 3, 6.626000, 79.420000, '11:02:00', 5, 4),
(122, 3, 6.615000, 79.416000, '11:02:01', 5, 4),
(123, 3, 6.611000, 79.416000, '11:02:02', 5, 4),
(124, 3, 6.602000, 79.414000, '11:02:03', 5, 4),
(125, 3, 6.597000, 79.410000, '11:02:04', 5, 4),
(126, 3, 6.591000, 79.404000, '11:02:05', 5, 4),
(127, 3, 6.582000, 79.398000, '11:02:06', 5, 4),
(127, 3, 6.571000, 79.392000, '11:02:07', 5, 4),
(127, 3, 6.565000, 79.392000, '11:02:08', 5, 4),
(127, 3, 6.561000, 79.392000, '11:02:09', 5, 4),
(127, 3, 6.556000, 79.392000, '11:02:10', 5, 4),
(127, 3, 6.555000, 79.392000, '11:02:11', 5, 4),
(127, 3, 6.553000, 79.392000, '11:02:12', 5, 4),
(127, 3, 6.552000, 79.392000, '11:02:13', 5, 4),
(127, 3, 6.550000, 79.392000, '11:02:14', 5, 4),
(127, 3, 6.550000, 79.390000, '11:02:15', 5, 4),
(127, 3, 6.549000, 79.390000, '11:02:16', 5, 4),
(127, 3, 6.547000, 79.390000, '11:02:17', 5, 4),
(127, 3, 6.544000, 79.386000, '11:02:18', 5, 4),
(127, 3, 6.541000, 79.386000, '11:02:19', 5, 4),
(127, 3, 6.538000, 79.384000, '11:02:20', 4, 3),
(127, 3, 6.534000, 79.384000, '11:02:21', 4, 3),
(127, 3, 6.529000, 79.384000, '11:02:22', 4, 3),
(127, 3, 6.526000, 79.384000, '11:02:23', 4, 3),
(127, 3, 6.524000, 79.380000, '11:02:24', 4, 3),
(127, 3, 6.523000, 79.380000, '11:02:25', 4, 3),
(127, 3, 6.520000, 79.378000, '11:02:26', 4, 3),
(127, 3, 6.518000, 79.374000, '11:02:27', 4, 3),
(127, 3, 6.515000, 79.374000, '11:02:28', 4, 3),
(127, 3, 6.512000, 79.374000, '11:02:29', 4, 3),
(127, 3, 6.509000, 79.374000, '11:02:30', 4, 3),
(127, 3, 6.506000, 79.372000, '11:02:31', 4, 3),
(127, 3, 6.500000, 79.372000, '11:02:32', 4, 3),
(127, 3, 6.497000, 79.368000, '11:02:33', 4, 3),
(127, 3, 6.494000, 79.368000, '11:02:34', 4, 3),
(127, 3, 6.493000, 79.368000, '11:02:35', 4, 3),
(127, 3, 6.488000, 79.368000, '11:02:36', 4, 3),
(127, 3, 6.487000, 79.368000, '11:02:37', 4, 3),
(127, 3, 6.487000, 79.366000, '11:02:38', 4, 3),
(127, 3, 6.484000, 79.366000, '11:02:39', 4, 3),
(127, 3, 6.482000, 79.366000, '11:02:40', 4, 3),
(127, 3, 6.481000, 79.366000, '11:02:41', 4, 3),
(127, 3, 6.479000, 79.362000, '11:02:42', 4, 3),
(127, 3, 6.476000, 79.362000, '11:02:43', 4, 3),
(127, 3, 6.473000, 79.362000, '11:02:44', 4, 3),
(127, 3, 6.470000, 79.362000, '11:02:45', 4, 3),
(127, 3, 6.468000, 79.362000, '11:02:46', 4, 3),
(127, 3, 6.465000, 79.360000, '11:02:47', 4, 3),
(127, 3, 6.462000, 79.360000, '11:02:48', 4, 3),
(127, 3, 6.459000, 79.360000, '11:02:49', 4, 3),
(127, 3, 6.458000, 79.360000, '11:02:50', 4, 3),
(127, 3, 6.456000, 79.360000, '11:02:51', 4, 3),
(127, 3, 6.455000, 79.360000, '11:02:52', 4, 3),
(127, 3, 6.453000, 79.360000, '11:02:53', 4, 3),
(127, 3, 6.452000, 79.356000, '11:02:54', 4, 3),
(127, 3, 6.449000, 79.356000, '11:02:55', 4, 3),
(127, 3, 6.447000, 79.356000, '11:02:56', 4, 3),
(127, 3, 6.443000, 79.356000, '11:02:57', 4, 3),
(127, 3, 6.440000, 79.354000, '11:02:58', 4, 3),
(127, 3, 6.437000, 79.354000, '11:02:59', 4, 3),
(127, 3, 6.432000, 79.354000, '11:03:00', 4, 3),
(127, 3, 6.426000, 79.354000, '11:03:01', 4, 3),
(127, 3, 6.420000, 79.354000, '11:03:02', 4, 3),
(127, 3, 6.416000, 79.354000, '11:03:03', 4, 3),
(127, 3, 6.413000, 79.354000, '11:03:04', 4, 3),
(127, 3, 6.409000, 79.354000, '11:03:05', 4, 3),
(127, 3, 6.406000, 79.350000, '11:03:06', 4, 3),
(127, 3, 6.402000, 79.346000, '11:03:07', 4, 3),
(127, 3, 6.400000, 79.344000, '11:03:08', 4, 3),
(127, 3, 6.396000, 79.340000, '11:03:09', 4, 3),
(127, 3, 6.391000, 79.338000, '11:03:10', 3, 2),
(127, 3, 6.382000, 79.332000, '11:03:11', 3, 2),
(127, 3, 6.376000, 79.326000, '11:03:12', 3, 2),
(127, 3, 6.370000, 79.320000, '11:03:13', 3, 2),
(127, 3, 6.364000, 79.320000, '11:03:14', 3, 2),
(127, 3, 6.360000, 79.314000, '11:03:15', 3, 2),
(127, 3, 6.358000, 79.308000, '11:03:16', 3, 2),
(127, 3, 6.354000, 79.304000, '11:03:17', 3, 2),
(127, 3, 6.349000, 79.298000, '11:03:18', 3, 2),
(127, 3, 6.343000, 79.292000, '11:03:19', 3, 2),
(127, 3, 6.338000, 79.290000, '11:03:20', 3, 2),
(127, 3, 6.334000, 79.286000, '11:03:21', 3, 2),
(127, 3, 6.328000, 79.286000, '11:03:22', 3, 2),
(127, 3, 6.319000, 79.284000, '11:03:23', 3, 2),
(127, 3, 6.314000, 79.280000, '11:03:24', 3, 2),
(127, 3, 6.310000, 79.280000, '11:03:25', 3, 2),
(127, 3, 6.305000, 79.278000, '11:03:26', 3, 2),
(127, 3, 6.301000, 79.274000, '11:03:27', 3, 2),
(127, 3, 6.293000, 79.272000, '11:03:28', 3, 2),
(127, 3, 6.291000, 79.272000, '11:03:29', 3, 2),
(127, 3, 6.288000, 79.272000, '11:03:30', 3, 2),
(127, 3, 6.287000, 79.272000, '11:03:31', 3, 2),
(127, 3, 6.285000, 79.272000, '11:03:32', 3, 2),
(127, 3, 6.284000, 79.272000, '11:03:33', 3, 2),
(127, 3, 6.282000, 79.272000, '11:03:34', 3, 2),
(127, 3, 6.281000, 79.272000, '11:03:35', 3, 2),
(127, 3, 6.276000, 79.268000, '11:03:36', 3, 2),
(127, 3, 6.273000, 79.268000, '11:03:37', 3, 2),
(127, 3, 6.269000, 79.266000, '11:03:38', 3, 2),
(127, 3, 6.264000, 79.266000, '11:03:39', 3, 2),
(127, 3, 6.260000, 79.262000, '11:03:40', 3, 2),
(127, 3, 6.258000, 79.262000, '11:03:41', 3, 2),
(127, 3, 6.257000, 79.262000, '11:03:42', 3, 2),
(127, 3, 6.255000, 79.260000, '11:03:43', 3, 2),
(127, 3, 6.254000, 79.260000, '11:03:44', 3, 2),
(127, 3, 6.251000, 79.256000, '11:03:45', 3, 2),
(127, 3, 6.248000, 79.256000, '11:03:46', 3, 2),
(127, 3, 6.246000, 79.254000, '11:03:47', 3, 2),
(127, 3, 6.245000, 79.250000, '11:03:48', 3, 2),
(127, 3, 6.240000, 79.250000, '11:03:49', 3, 2),
(127, 3, 6.236000, 79.248000, '11:03:50', 3, 2),
(127, 3, 6.231000, 79.244000, '11:03:51', 3, 2),
(127, 3, 6.229000, 79.242000, '11:03:52', 3, 2),
(127, 3, 6.226000, 79.242000, '11:03:53', 3, 2),
(127, 3, 6.225000, 79.242000, '11:03:54', 3, 2),
(127, 3, 6.222000, 79.236000, '11:03:55', 3, 2),
(127, 3, 6.220000, 79.236000, '11:03:56', 3, 2),
(127, 3, 6.219000, 79.232000, '11:03:57', 3, 2),
(127, 3, 6.217000, 79.228000, '11:03:58', 3, 2),
(127, 3, 6.214000, 79.226000, '11:03:59', 3, 2),
(127, 3, 6.214000, 79.222000, '11:04:00', 2, 1),
(127, 3, 6.213000, 79.222000, '11:04:01', 2, 1),
(127, 3, 6.211000, 79.220000, '11:04:02', 2, 1),
(127, 3, 6.210000, 79.216000, '11:04:03', 2, 1),
(127, 3, 6.207000, 79.216000, '11:04:04', 2, 1),
(127, 3, 6.205000, 79.214000, '11:04:05', 2, 1),
(127, 3, 6.201000, 79.214000, '11:04:06', 2, 1),
(127, 3, 6.198000, 79.210000, '11:04:07', 2, 1),
(127, 3, 6.196000, 79.210000, '11:04:08', 2, 1),
(127, 3, 6.195000, 79.210000, '11:04:09', 2, 1),
(127, 3, 6.193000, 79.208000, '11:04:10', 2, 1),
(127, 3, 6.192000, 79.208000, '11:04:11', 2, 1),
(127, 3, 6.189000, 79.204000, '11:04:12', 2, 1),
(127, 3, 6.187000, 79.204000, '11:04:13', 2, 1),
(127, 3, 6.186000, 79.204000, '11:04:14', 2, 1),
(127, 3, 6.184000, 79.204000, '11:04:15', 2, 1),
(127, 3, 6.183000, 79.202000, '11:04:16', 2, 1),
(127, 3, 6.181000, 79.202000, '11:04:17', 2, 1),
(127, 3, 6.178000, 79.198000, '11:04:18', 2, 1),
(127, 3, 6.175000, 79.198000, '11:04:19', 2, 1),
(127, 3, 6.173000, 79.198000, '11:04:20', 2, 1),
(127, 3, 6.169000, 79.198000, '11:04:21', 2, 1),
(127, 3, 6.164000, 79.196000, '11:04:22', 2, 1),
(127, 3, 6.161000, 79.196000, '11:04:23', 2, 1),
(127, 3, 6.157000, 79.192000, '11:04:24', 2, 1),
(127, 3, 6.155000, 79.192000, '11:04:25', 2, 1),
(127, 3, 6.154000, 79.190000, '11:04:26', 2, 1),
(127, 3, 6.152000, 79.190000, '11:04:27', 2, 1),
(127, 3, 6.149000, 79.190000, '11:04:28', 2, 1),
(127, 3, 6.146000, 79.186000, '11:04:29', 2, 1),
(127, 3, 6.145000, 79.184000, '11:04:30', 2, 1),
(127, 3, 6.142000, 79.184000, '11:04:31', 2, 1),
(127, 3, 6.139000, 79.180000, '11:04:32', 2, 1),
(127, 3, 6.136000, 79.178000, '11:04:33', 2, 1),
(127, 3, 6.134000, 79.174000, '11:04:34', 2, 1),
(127, 3, 6.128000, 79.172000, '11:04:35', 2, 1),
(127, 3, 6.127000, 79.172000, '11:04:36', 2, 1),
(127, 3, 6.124000, 79.166000, '11:04:37', 2, 1),
(127, 3, 6.122000, 79.166000, '11:04:38', 2, 1),
(127, 3, 6.121000, 79.162000, '11:04:39', 2, 1),
(127, 3, 6.119000, 79.160000, '11:04:40', 2, 1),
(127, 3, 6.118000, 79.156000, '11:04:41', 2, 1),
(127, 3, 6.116000, 79.156000, '11:04:42', 2, 1),
(127, 3, 6.114000, 79.150000, '11:04:43', 2, 1),
(127, 3, 6.113000, 79.148000, '11:04:44', 2, 1),
(127, 3, 6.110000, 79.148000, '11:04:45', 2, 1),
(127, 3, 6.108000, 79.144000, '11:04:46', 2, 1),
(127, 3, 6.107000, 79.144000, '11:04:47', 2, 1),
(127, 3, 6.102000, 79.142000, '11:04:48', 2, 1),
(127, 3, 6.101000, 79.142000, '11:04:49', 2, 1),
(127, 3, 6.099000, 79.142000, '11:04:50', 2, 1),
(127, 3, 6.096000, 79.142000, '11:04:51', 2, 1),
(127, 3, 6.095000, 79.142000, '11:04:52', 2, 1),
(127, 3, 6.093000, 79.142000, '11:04:53', 2, 1),
(127, 3, 6.092000, 79.138000, '11:04:54', 2, 1),
(127, 3, 6.090000, 79.138000, '11:04:55', 2, 1),
(127, 3, 6.089000, 79.138000, '11:04:56', 2, 1),
(127, 3, 6.087000, 79.138000, '11:04:57', 2, 1),
(127, 3, 6.084000, 79.138000, '11:04:58', 2, 1),
(127, 3, 6.084000, 79.136000, '11:04:59', 2, 1),
(127, 3, 6.083000, 79.136000, '11:05:00', 2, 1),
(127, 3, 6.083000, 79.132000, '11:05:01', 2, 1),
(127, 3, 6.081000, 79.132000, '11:05:02', 2, 1),
(127, 3, 6.080000, 79.132000, '11:05:03', 2, 1),
(127, 3, 6.078000, 79.132000, '11:05:04', 2, 1),
(127, 3, 6.078000, 79.130000, '11:05:05', 2, 1),
(127, 3, 6.077000, 79.130000, '11:05:06', 2, 1),
(127, 3, 6.077000, 79.126000, '11:05:07', 2, 1),
(127, 3, 6.075000, 79.124000, '11:05:08', 2, 1),
(127, 3, 6.074000, 79.124000, '11:05:09', 2, 1),
(127, 3, 6.072000, 79.120000, '11:05:10', 2, 1),
(127, 3, 6.071000, 79.120000, '11:05:11', 2, 1),
(127, 3, 6.069000, 79.118000, '11:05:12', 2, 1),
(127, 3, 6.068000, 79.118000, '11:05:13', 2, 1),
(127, 3, 6.066000, 79.118000, '11:05:14', 2, 1),
(127, 3, 6.066000, 79.114000, '11:05:15', 2, 1),
(127, 3, 6.063000, 79.110000, '11:05:16', 2, 1),
(127, 3, 6.062000, 79.110000, '11:05:17', 2, 1),
(127, 3, 6.060000, 79.110000, '11:05:18', 2, 1),
(127, 3, 6.059000, 79.108000, '11:05:19', 2, 1),
(127, 3, 6.057000, 79.108000, '11:05:20', 2, 1),
(127, 3, 6.057000, 79.104000, '11:05:21', 2, 1),
(127, 3, 6.055000, 79.104000, '11:05:22', 2, 1),
(127, 3, 6.052000, 79.104000, '11:05:23', 2, 1),
(127, 3, 6.052000, 79.102000, '11:05:24', 2, 1),
(127, 3, 6.051000, 79.102000, '11:05:25', 2, 1),
(127, 3, 6.049000, 79.102000, '11:05:26', 2, 1),
(127, 3, 6.048000, 79.102000, '11:05:27', 2, 1),
(127, 3, 6.046000, 79.102000, '11:05:28', 2, 1),
(127, 3, 6.046000, 79.098000, '11:05:29', 2, 1),
(127, 3, 6.045000, 79.098000, '11:05:30', 2, 1),
(127, 3, 6.042000, 79.098000, '11:05:31', 2, 1),
(127, 3, 6.040000, 79.098000, '11:05:32', 2, 1),
(127, 3, 6.039000, 79.098000, '11:05:33', 2, 1),
(127, 3, 6.037000, 79.098000, '11:05:34', 2, 1),
(127, 3, 6.036000, 79.098000, '11:05:35', 2, 1),
(127, 3, 6.034000, 79.098000, '11:05:36', 2, 1),
(127, 3, 6.033000, 79.098000, '11:05:37', 2, 1),
(127, 3, 6.031000, 79.098000, '11:05:38', 2, 1),
(127, 3, 6.030000, 79.098000, '11:05:39', 2, 1);

--
-- Constraints for dumped tables
--

--
-- Constraints for table `location`
--
ALTER TABLE `location`
  ADD CONSTRAINT `location_ibfk_1` FOREIGN KEY (`imei`) REFERENCES `route` (`imei`) ON DELETE NO ACTION ON UPDATE CASCADE;

--
-- Constraints for table `route_stations`
--
ALTER TABLE `route_stations`
  ADD CONSTRAINT `route_stations_ibfk_1` FOREIGN KEY (`routeID`) REFERENCES `route` (`routeID`) ON DELETE CASCADE ON UPDATE CASCADE,
  ADD CONSTRAINT `route_stations_ibfk_2` FOREIGN KEY (`stationID`) REFERENCES `station` (`stationID`) ON DELETE CASCADE ON UPDATE CASCADE;

--
-- Constraints for table `station_rp`
--
ALTER TABLE `station_rp`
  ADD CONSTRAINT `station_rp_ibfk_1` FOREIGN KEY (`stationID`) REFERENCES `station` (`stationID`) ON DELETE CASCADE ON UPDATE CASCADE;

--
-- Constraints for table `waypoint`
--
ALTER TABLE `waypoint`
  ADD CONSTRAINT `waypoint_ibfk_1` FOREIGN KEY (`routeID`) REFERENCES `route` (`routeID`) ON DELETE CASCADE ON UPDATE CASCADE,
  ADD CONSTRAINT `waypoint_ibfk_2` FOREIGN KEY (`previous_station`) REFERENCES `station` (`stationID`) ON DELETE CASCADE ON UPDATE CASCADE,
  ADD CONSTRAINT `waypoint_ibfk_3` FOREIGN KEY (`next_station`) REFERENCES `station` (`stationID`) ON DELETE CASCADE ON UPDATE CASCADE;

/*!40101 SET CHARACTER_SET_CLIENT=@OLD_CHARACTER_SET_CLIENT */;
/*!40101 SET CHARACTER_SET_RESULTS=@OLD_CHARACTER_SET_RESULTS */;
/*!40101 SET COLLATION_CONNECTION=@OLD_COLLATION_CONNECTION */;
